Student_ID,Name,Email,Phone,Course,Fee_Paid,City,Enrolled_Date,Email_Valid,Category
STU1004,Anitha R,anitha@gmail.com,9000011111,Machine Learning,FALSE,Chennai,2025-04-05,TRUE,chennai_valid_email
STU1008,Kavitha,kavitha99@gmail.com,9988776655,Machine Learning,TRUE,Chennai,2025-01-15,TRUE,chennai_valid_email
STU1011,Arun P,arunp@gmail.com,7788990011,Python,TRUE,Chennai,2025-06-17,TRUE,chennai_valid_email
STU1018,Saranya,saranya22@gmail.com,,Python,TRUE,Chennai,2025-02-11,TRUE,chennai_valid_email
STU1021,Muthu S,muthus@gmail.com,8282828282,Python,TRUE,Chennai,2025-02-24,TRUE,chennai_valid_email
STU1024,Divya P,divyap@yahoo.com,8585858585,Machine Learning,TRUE,Chennai,2025-06-10,TRUE,chennai_valid_email
STU1034,Mala S,malas@yahoo.com,8454545454,Machine Learning,FALSE,Chennai,2025-03-21,TRUE,chennai_valid_email
STU1038,Indira K,indirak@gmail.com,,Machine Learning,TRUE,Chennai,2025-06-01,TRUE,chennai_valid_email
STU1041,Kishore M,kishorem@gmail.com,8010101010,Machine Learning,TRUE,Chennai,2025-02-21,TRUE,chennai_valid_email
STU1044,Rekha N,rekhan@yahoo.com,,Python,TRUE,Chennai,2025-02-05,TRUE,chennai_valid_email
STU1050,Ammu K,ammuk@gmail.com,9787878787,Machine Learning,TRUE,Chennai,2025-02-13,TRUE,chennai_valid_email
STU1001,Manoj K,,9876543210,Python,TRUE,Chennai,2025-05-23,FALSE,chennai_invalid_email
STU1014,Lakshmi,,8811223344,Data Science,TRUE,Chennai,2025-03-07,FALSE,chennai_invalid_email
STU1027,Ramesh M,,7878787878,Python,TRUE,Chennai,2025-03-01,FALSE,chennai_invalid_email
STU1032,Swetha L,,,Data Science,TRUE,Chennai,2025-05-26,FALSE,chennai_invalid_email
STU1047,Ganesh P,,7565656565,Python,TRUE,Chennai,2025-06-27,FALSE,chennai_invalid_email
STU1002,Priya S,priya.s@yahoo.com,MISSING,Machine Learning,FALSE,Coimbatore,2025-05-06,TRUE,other_valid_email
STU1006,Deepa M,deepam@gmail.com,8123456789,Data Science,TRUE,Salem,2025-03-09,TRUE,other_valid_email
STU1010,Nithya R,nithyar@yahoo.com,9765432109,Data Science,FALSE,Madurai,2025-04-25,TRUE,other_valid_email
STU1013,Santhosh V,santhoshv@gmail.com,9900112233,Python,FALSE,Trichy,2025-01-26,TRUE,other_valid_email
STU1015,Vijay S,vijays@yahoo.com,9922334455,Machine Learning,TRUE,Coimbatore,2025-04-24,TRUE,other_valid_email
STU1016,Pooja N,poojan@gmail.com,9090909090,Python,FALSE,UNKNOWN,2025-02-16,TRUE,other_valid_email
STU1020,Revathi M,revathim@yahoo.com,9191919191,Machine Learning,TRUE,Trichy,2025-06-12,TRUE,other_valid_email
STU1023,Prasanth J,prasanthj@gmail.com,7474747474,Python,TRUE,Madurai,2025-03-05,TRUE,other_valid_email
STU1026,Janaki R,janakir@gmail.com,9696969696,Data Science,TRUE,Salem,2025-05-02,TRUE,other_valid_email
STU1028,Usha D,ushad@gmail.com,8989898989,Machine Learning,FALSE,Madurai,2025-04-21,TRUE,other_valid_email
STU1030,Thenmozhi,thenmozhi@gmail.com,8121212121,Machine Learning,TRUE,UNKNOWN,2025-04-13,TRUE,other_valid_email
STU1031,Arjun C,arjunc@gmail.com,7232323232,Python,FALSE,Trichy,2025-01-15,TRUE,other_valid_email
STU1033,Naveen B,naveenb@gmail.com,9343434343,Python,TRUE,Salem,2025-06-23,TRUE,other_valid_email
STU1036,Suganya T,suganyt@gmail.com,9676767676,Data Science,TRUE,Madurai,2025-04-10,TRUE,other_valid_email
STU1039,Mohan J,mohanj@yahoo.com,9898989898,Python,TRUE,Salem,2025-01-23,TRUE,other_valid_email
STU1043,Balaji T,balajit@gmail.com,7232323232,Data Science,FALSE,Madurai,2025-03-17,TRUE,other_valid_email
STU1046,Chitra R,chitrar@gmail.com,9454545454,Machine Learning,FALSE,Trichy,2025-03-15,TRUE,other_valid_email
STU1048,Latha S,lathas@gmail.com,8676767676,Data Science,TRUE,Coimbatore,2025-04-04,TRUE,other_valid_email
STU1003,Ravi Kumar,,9123456789,Python,TRUE,Madurai,2025-02-19,FALSE,other_invalid_email
STU1005,Karthik,,,Python,TRUE,UNKNOWN,2025-02-08,FALSE,other_invalid_email
STU1007,Suresh T,,7654321098,Python,FALSE,Trichy,2025-01-14,FALSE,other_invalid_email
STU1009,Rajesh Kk,,8877665544,Python,TRUE,Coimbatore,2025-05-15,FALSE,other_invalid_email
STU1012,Meena D,,,Machine Learning,TRUE,Salem,2025-02-21,FALSE,other_invalid_email
STU1017,Dinesh R,,8080808080,Data Science,TRUE,Madurai,2025-02-23,FALSE,other_invalid_email
STU1019,Bala K,,7070707070,Machine Learning,FALSE,Salem,2025-06-12,FALSE,other_invalid_email
STU1022,Geetha,,9393939393,Data Science,FALSE,Coimbatore,2025-05-08,FALSE,other_invalid_email
STU1025,Senthil K,,,PYTHON,FALSE,Trichy,2025-05-15,FALSE,other_invalid_email
STU1029,Gopal V,,9010101010,Python,TRUE,Coimbatore,2025-01-12,FALSE,other_invalid_email
STU1035,Karthi P,,7565656565,Python,TRUE,Coimbatore,2025-02-14,FALSE,other_invalid_email
STU1037,Venkat R,,8787878787,Python,FALSE,Trichy,2025-02-12,FALSE,other_invalid_email
STU1040,Dharani S,,7909090909,Data Science,FALSE,UNKNOWN,2025-04-19,FALSE,other_invalid_email
STU1042,Padma V,,9121212121,Python,TRUE,Coimbatore,2025-03-22,FALSE,other_invalid_email
STU1045,Selvam K,,8343434343,Machine Learning,TRUE,Salem,2025-02-28,FALSE,other_invalid_email
STU1049,Suresh B,,,Python,FALSE,Madurai,2025-04-20,FALSE,other_invalid_email